{
    "type": "APL",
    "version": "1.0",
    "theme": "dark",
    "import": [
        {
            "name": "alexa-layouts",
            "version": "1.0.0"
        }
    ],
    "resources": [
        {
            "description": "Stock color for the light theme",
            "colors": {
                "colorTextPrimary": "#151920"
            }
        },
        {
            "description": "Stock color for the dark theme",
            "when": "${viewport.theme == 'dark'}",
            "colors": {
                "colorTextPrimary": "#f0f1ef"
            }
        },
        {
            "description": "Standard font sizes",
            "dimensions": {
                "textSizeBody": 48,
                "textSizePrimary": 27,
                "textSizeSecondary": 23,
                "textSizeSecondaryHint": 25
            }
        },
        {
            "description": "Common spacing values",
            "dimensions": {
                "spacingThin": 6,
                "spacingSmall": 12,
                "spacingMedium": 24,
                "spacingLarge": 48,
                "spacingExtraLarge": 72
            }
        },
        {
            "description": "Common margins and padding",
            "dimensions": {
                "marginTop": 40,
                "marginLeft": 60,
                "marginRight": 60,
                "marginBottom": 40
            }
        }
    ],
    "styles": {
        "textStyleBase": {
            "description": "Base font description; set color",
            "values": [
                {
                    "color": "@colorTextPrimary"
                }
            ]
        },
        "textStyleBase0": {
            "description": "Thin version of basic font",
            "extend": "textStyleBase",
            "values": {
                "fontWeight": "100"
            }
        },
        "textStyleBase1": {
            "description": "Light version of basic font",
            "extend": "textStyleBase",
            "values": {
                "fontWeight": "300"
            }
        },
        "mixinBody": {
            "values": {
                "fontSize": "@textSizeBody"
            }
        },
        "mixinPrimary": {
            "values": {
                "fontSize": "@textSizePrimary"
            }
        },
        "mixinSecondary": {
            "values": {
                "fontSize": "@textSizeSecondary"
            }
        },
        "textStylePrimary": {
            "extend": [
                "textStyleBase1",
                "mixinPrimary"
            ]
        },
        "textStyleSecondary": {
            "extend": [
                "textStyleBase0",
                "mixinSecondary"
            ]
        },
        "textStyleBody": {
            "extend": [
                "textStyleBase1",
                "mixinBody"
            ]
        },
        "textStyleSecondaryHint": {
            "values": {
                "fontFamily": "Bookerly",
                "fontStyle": "italic",
                "fontSize": "@textSizeSecondaryHint",
                "color": "@colorTextPrimary"
            }
        }
    },
    "layouts": {
        "FullHorizontalListItem": {
            "parameters": [
                "listLength"
            ],
            "item": [
                {
                    "type": "Container",
                    "height": "100vh",
                    "width": "100vw",
                    "alignItems": "center",
                    "justifyContent": "end",
                    "items": [
                        {
                            "headerTitle": "${title}",
                            "type": "AlexaHeader",
                            "grow": "1"
                        },
                        {
                            "type": "Text",
                            "style": "textStyleBody",
                            "maxLines": 1,
                            "text": "${data.DisplayValue}"
                        },
                        {
                            "type": "Text",
                            "text": "${data.Grams}",
                            "style": "textStyleDetails"
                        },
                        {
                            "type": "Text",
                            "text": "${ordinal} | ${listLength}",
                            "paddingBottom": "20dp",
                            "color": "white",
                            "spacing": "5dp"
                        }
                    ]
                }
            ]
        },
        "HorizontalListItem": {
            "item": [
                {
                    "type": "Container",
                    "maxWidth": 528,
                    "minWidth": 312,
                    "paddingLeft": 16,
                    "paddingRight": 16,
                    "height": "100%",
                    "items": [
                        {
                            "type": "Text",
                            "style": "textStylePrimary",
                            "maxLines": 1,
                            "text": "${data.Grams}g",
                            "spacing": "12"
                        },
                        {
                            "type": "Text",
                            "style": "textStyleDetails",
                            "text": "${data.DisplayValue}",
                            "fontSize": "30dp",
                            "spacing": "4"
                        }
                    ]
                }
            ]
        },
        "ListTemplate2": {
            "parameters": [
                "backgroundImage",
                "title",
                "logo",
                "hintText",
                "listData"
            ],
            "items": [
                {
                    "when": "${viewport.shape == 'round'}",
                    "type": "Container",
                    "height": "100%",
                    "width": "100%",
                    "items": [
                        {
                            "type": "Sequence",
                            "scrollDirection": "horizontal",
                            "data": "${listData}",
                            "height": "100%",
                            "width": "100%",
                            "numbered": true,
                            "item": [
                                {
                                    "type": "FullHorizontalListItem",
                                    "listLength": "${payload.listTemplate2ListData.listPage.listItems.length}"
                                }
                            ]
                        }
                    ]
                },
                {
                    "type": "Container",
                    "height": "100vh",
                    "width": "100vw",
                    "items": [
                        {
                            "headerTitle": "Ingredients",
                            "type": "AlexaHeader"
                        },
                        {
                            "type": "Sequence",
                            "scrollDirection": "horizontal",
                            "paddingLeft": "@marginLeft",
                            "paddingRight": "@marginRight",
                            "data": "${listData}",
                            "height": "70vh",
                            "width": "90vw",
                            "numbered": true,
                            "item": [
                                {
                                    "type": "HorizontalListItem"
                                }
                            ]
                        }
                    ]
                }
            ]
        }
    },
    "mainTemplate": {
        "parameters": [
            "payload"
        ],
        "items": [
            {
                "when": "${viewport.shape == 'round'}",
                "type": "Container",
                "direction": "column",
                "width": "100vw",
                "height": "100vh",
                "items": [
                    {
                        "type": "Image",
                        "source": "${payload.bodyTemplate3Data.image.sources[0].url}",
                        "scale": "best-fill",
                        "width": "100vw",
                        "height": "100vh",
                        "position": "absolute",
                        "overlayColor": "rgba(40, 40, 40, 0.6)"
                    },
                    {
                        "type": "ScrollView",
                        "width": "100vw",
                        "height": "100vh",
                        "item": [
                            {
                                "type": "Container",
                                "direction": "column",
                                "alignItems": "center",
                                "paddingLeft": 30,
                                "paddingRight": 30,
                                "paddingBottom": 200,
                                "items": [
                                    {
                                        "headerTitle": "Ingredients",
                                        "headerAttributionImage": "\"\"",
                                        "type": "AlexaHeader"
                                    },
                                    {
                                        "type": "Text",
                                        "text": "<b>${payload.bodyTemplate3Data.textContent.title.text}</b>",
                                        "style": "textStyleBody",
                                        "width": "90vw",
                                        "textAlign": "center"
                                    },
                                    {
                                        "type": "Text",
                                        "text": "${payload.bodyTemplate3Data.textContent.subtitle.text}",
                                        "style": "textStylePrimary",
                                        "width": "90vw",
                                        "textAlign": "center"
                                    },
                                    {
                                        "type": "Text",
                                        "text": "${payload.bodyTemplate3Data.textContent.primaryText.text}",
                                        "paddingTop": 40,
                                        "style": "textStylePrimary",
                                        "width": "90vw",
                                        "textAlign": "center"
                                    },
                                    {
                                        "type": "Text",
                                        "paddingTop": "20px",
                                        "text": "Instructions"
                                    },
                                    {
                                        "type": "Text",
                                        "style": "textStylePrimary",
                                        "text": "${payload.bodyTemplate3Data.textContent.InstructionsText.text}"
                                    },
                                    {
                                        "type": "ListTemplate2",
                                        "listData": "${payload.listTemplate2ListData.listPage.listItems}"
                                    }
                                ]
                            }
                        ]
                    }
                ]
            },
            {
                "type": "Container",
                "width": "100vw",
                "height": "100vh",
                "items": [
                    {
                        "type": "Image",
                        "source": "${payload.bodyTemplate3Data.backgroundImage.sources[0].url}",
                        "scale": "best-fill",
                        "width": "100vw",
                        "height": "100vh",
                        "position": "absolute",
                        "overlayColor": "rgba(40, 40, 40, 0.6)"
                    },
                    {
                        "type": "AlexaHeader",
                        "headerTitle": "${payload.bodyTemplate3Data.title}",
                        "headerAttributionImage": "${payload.bodyTemplate3Data.logoUrl}"
                    },
                    {
                        "type": "Container",
                        "direction": "row",
                        "paddingLeft": 40,
                        "paddingRight": 72,
                        "grow": 1,
                        "items": [
                            {
                                "type": "ScrollView",
                                "height": "90vh",
                                "item": [
                                    {
                                        "type": "Container",
                                        "items": [
                                            {
                                                "type": "Text",
                                                "text": "<b>${payload.bodyTemplate3Data.textContent.title.text}</b>",
                                                "style": "textStyleBody"
                                            },
                                            {
                                                "type": "Text",
                                                "text": "${payload.bodyTemplate3Data.textContent.subtitle.text}",
                                                "style": "textStylePrimary"
                                            },
                                            {
                                                "type": "Text",
                                                "text": "${payload.bodyTemplate3Data.textContent.primaryText.text}",
                                                "paddingTop": 40,
                                                "style": "textStylePrimary"
                                            },
                                            {
                                                "type": "Text",
                                                "paddingTop": "20px",
                                                "text": "Instructions"
                                            },
                                            {
                                                "type": "Text",
                                                "style": "textStylePrimary",
                                                "text": "${payload.bodyTemplate3Data.textContent.InstructionsText.text}"
                                            },
                                            {
                                                "type": "Container"
                                            },
                                            {
                                                "type": "ListTemplate2",
                                                "backgroundImage": "${payload.listTemplate2Metadata.backgroundImage.sources[0].url}",
                                                "title": "${payload.listTemplate2Metadata.title}",
                                                "hintText": "${payload.listTemplate2Metadata.hintText}",
                                                "logo": "${payload.listTemplate2Metadata.logoUrl}",
                                                "listData": "${payload.listTemplate2ListData.listPage.listItems}"
                                            }
                                        ]
                                    }
                                ],
                                "shrink": 1
                            }
                        ]
                    }
                ]
            }
        ]
    }
}